Họ và tên,Điểm 1,Điểm 2,Điểm 3,Điểm thi
Phan Trọng Tú,9,4,9,10
Lê Trọng Hương,7,0,7,7
Phạm Quốc Nam,8,2,4,5
Đặng Duy Trang,2,9,5,8
Phan Anh Nam,0,9,1,3
Trần Hữu Trang,10,5,1,6
Bùi Minh Hương,5,10,5,7
Bùi Duy Lan,6,6,1,4
Đỗ Tấn Trang,10,5,9,10
Lê Thị Bình,7,7,3,7
Vũ Quốc Hương,8,2,0,4
Phan Duy Hùng,1,10,0,3
Phan Ngọc Tú,1,6,8,8
Bùi Văn Phương,2,8,7,9
Phan Minh Bình,7,5,7,9
Lê Minh Trang,4,0,10,9
Đỗ Anh Trang,2,0,1,0
Nguyễn Thị Bình,1,5,9,7
Hoàng Văn Phương,6,3,5,6
Nguyễn Hữu Nam,4,10,4,8
Phan Quốc Hạnh,6,1,7,6
Đặng Hữu Hương,5,6,3,5
Trần Quốc Hùng,6,7,2,5
Hoàng Ngọc Trang,1,6,2,4
Đỗ Minh Hùng,0,3,9,7
Trần Thị Trang,2,5,7,7
Lê Tấn Hùng,1,7,10,9
Bùi Minh Hạnh,9,1,6,7
Phạm Duy Hương,4,2,6,5
Đặng Anh Khánh,1,0,4,3
Phạm Văn Hùng,5,4,1,3
Lê Hữu Khánh,0,9,8,7
Đặng Trọng Phương,4,10,10,10
Nguyễn Minh Tú,8,5,3,7
Hoàng Anh Bình,7,5,10,10
Vũ Duy Khánh,8,10,3,8
Hoàng Văn Phương,2,2,2,2
Đỗ Minh Bình,3,3,0,2
Đặng Trọng Khánh,1,0,7,4
Vũ Quốc Hương,9,7,0,4
Phạm Thị Hạnh,1,8,6,6
Nguyễn Ngọc Nam,3,7,0,4
Nguyễn Thị Trang,8,9,7,10
Đặng Hữu Hùng,6,8,5,7
Đặng Quốc Hương,8,0,3,4
Đặng Hữu Bình,9,5,5,8
Trần Thị Bình,3,1,7,5
Đặng Thị Trang,8,7,2,6
Đỗ Duy Lan,2,6,2,5
Trần Thị Nam,9,8,9,10
Bùi Tấn Bình,10,6,3,8
Phan Tấn Bình,10,1,1,5
Phan Quốc Lan,6,5,9,9
Phan Minh Bình,9,5,0,3
Bùi Ngọc Phương,4,6,10,9
Phạm Tấn Hương,6,3,2,5
Đỗ Anh Khánh,3,9,0,4
Hoàng Duy Tú,1,8,2,3
Đỗ Hữu Lan,6,9,2,6
Nguyễn Tấn Lan,6,6,5,8
Bùi Ngọc Phương,8,9,10,10
Trần Minh Tú,10,3,1,4
Lê Thị Bình,4,7,2,4
Nguyễn Văn Bình,3,5,0,2
Phan Ngọc Lan,3,1,9,7
Nguyễn Thị Hạnh,1,8,4,6
Bùi Quốc Hương,6,2,9,8
Vũ Quốc Bình,1,1,4,3
Vũ Anh Phương,7,8,7,9
Hoàng Anh Hương,10,10,6,10
Hoàng Minh Hùng,3,5,7,6
Hoàng Thị Lan,3,0,10,7
Đặng Tấn Hạnh,7,3,9,8
Vũ Anh Khánh,10,7,9,10
Bùi Thị Bình,0,0,6,3
Hoàng Minh Hương,9,0,5,5
Lê Thị Bình,0,7,2,3
Phạm Thị Trang,5,2,10,8
Phạm Thị Hạnh,2,0,9,7
Đỗ Ngọc Phương,7,2,9,9
Phạm Duy Hùng,5,0,10,9
Vũ Văn Phương,10,3,7,8
Nguyễn Tấn Nam,6,5,8,8
Trần Anh Phương,0,7,9,7
Hoàng Minh Tú,8,9,9,10
Đỗ Trọng Hùng,1,9,0,2
Phan Văn Hùng,7,9,9,10
Lê Thị Trang,4,8,1,3
Nguyễn Quốc Khánh,0,2,6,4
Nguyễn Thị Bình,8,2,5,6
Phan Văn Tú,5,8,8,10
Phan Hữu Nam,4,7,9,9
Nguyễn Thị Hương,3,4,3,5
Hoàng Anh Trang,6,8,3,5
Trần Anh Bình,5,4,8,9
Phạm Thị Khánh,0,0,6,5
Lê Trọng Lan,4,1,3,4
Lê Hữu Bình,0,4,2,3
Trần Duy Hạnh,10,0,8,8
Phan Văn Phương,0,7,10,9
Phạm Anh Trang,9,9,1,7
Phan Thị Bình,6,10,1,5
Hoàng Trọng Tú,2,4,8,8
Trần Duy Bình,10,10,7,10
Đỗ Anh Hạnh,8,6,4,6
Phan Hữu Trang,0,4,5,5
Bùi Quốc Khánh,2,0,0,0
Đỗ Duy Bình,6,4,10,9
Vũ Trọng Lan,4,4,8,7
Đỗ Tấn Hương,5,7,6,7
Vũ Anh Lan,3,4,8,7
Đặng Văn Tú,8,6,6,8
Phan Trọng Hùng,7,10,1,6
Vũ Quốc Khánh,8,0,9,7
Nguyễn Văn Hùng,3,5,1,3
Đặng Minh Bình,2,7,3,4
Phạm Minh Hạnh,8,7,8,9
Lê Thị Tú,5,8,7,9
Đặng Quốc Nam,6,3,1,2
Đặng Hữu Tú,5,3,6,6
Lê Duy Khánh,2,3,5,4
Đặng Tấn Bình,9,8,10,10
Phan Minh Hạnh,3,2,7,6
Hoàng Ngọc Bình,9,7,8,9
Lê Duy Trang,2,6,10,8
Bùi Tấn Tú,5,9,9,10
Bùi Tấn Hùng,3,6,2,5
Đặng Thị Lan,3,5,8,9
Trần Trọng Lan,4,5,1,4
Lê Minh Trang,4,3,6,6
Phạm Trọng Hương,7,1,6,6
Bùi Tấn Nam,0,6,1,2
Đặng Trọng Phương,2,6,2,3
Nguyễn Ngọc Lan,2,9,3,6
Đặng Hữu Hạnh,2,5,4,4
Bùi Tấn Tú,8,3,5,7
Phạm Anh Tú,8,3,6,7
Bùi Duy Hương,10,10,10,10
Phạm Văn Bình,6,9,9,10
Hoàng Trọng Hùng,7,3,7,9
Nguyễn Quốc Tú,8,9,3,7
Lê Văn Tú,3,5,6,7
Bùi Quốc Khánh,7,3,8,8
Bùi Anh Bình,5,4,6,6
Bùi Anh Tú,8,6,2,5
Trần Anh Lan,3,3,1,3
Hoàng Trọng Phương,8,8,10,10
Nguyễn Duy Trang,3,8,9,9
Nguyễn Trọng Khánh,9,2,5,6
Vũ Trọng Trang,7,3,0,3
Phạm Văn Bình,10,3,4,7
Đỗ Quốc Hương,10,10,6,9
Phạm Quốc Nam,9,1,10,10
Đỗ Thị Phương,6,3,6,6
Phan Hữu Hương,9,7,9,10
Phạm Ngọc Hương,6,9,9,10
Nguyễn Tấn Lan,6,9,0,5
Nguyễn Duy Nam,0,4,3,3
Lê Minh Hùng,8,7,3,6
Đỗ Hữu Hạnh,6,5,7,8
Bùi Thị Tú,6,0,6,6
Trần Ngọc Phương,6,5,2,4
Lê Hữu Hùng,1,4,4,4
Lê Trọng Hạnh,7,7,0,3
Phan Hữu Lan,7,5,4,7
Nguyễn Thị Khánh,6,9,5,8
Lê Trọng Hùng,1,2,2,2
Vũ Tấn Hạnh,4,9,8,9
Đỗ Minh Hương,7,0,9,8
Nguyễn Duy Hùng,1,0,1,2
Vũ Ngọc Tú,10,4,9,10
Phạm Trọng Hạnh,6,6,4,7
Lê Quốc Lan,0,8,5,7
Nguyễn Trọng Nam,5,2,3,4
Hoàng Duy Tú,1,0,9,6
Lê Minh Hùng,0,4,7,6
Vũ Tấn Nam,3,5,6,7
Đặng Thị Trang,10,2,6,7
Nguyễn Duy Trang,9,7,0,5
Phạm Thị Hạnh,3,3,10,9
Hoàng Ngọc Trang,2,8,4,5
Trần Anh Khánh,3,5,3,4
Bùi Duy Lan,6,8,3,5
Phan Quốc Trang,5,2,6,5
Phan Tấn Khánh,9,9,4,9
Đặng Anh Hùng,3,2,8,7
Hoàng Hữu Trang,3,3,0,1
Đặng Ngọc Phương,6,9,2,6
Trần Anh Trang,2,3,1,3
Đỗ Thị Khánh,0,3,6,4
Đỗ Ngọc Phương,8,3,8,8
Nguyễn Thị Hạnh,5,4,1,2
Trần Trọng Khánh,7,0,2,3
Đặng Thị Khánh,2,2,10,7
Bùi Văn Khánh,1,1,5,4
Lê Trọng Bình,2,0,9,6
Đỗ Thị Hạnh,1,5,5,5
Bùi Tấn Hùng,0,7,7,8
Đỗ Ngọc Khánh,7,4,2,5
Nguyễn Tấn Hạnh,3,2,5,5
Đặng Duy Hùng,3,10,7,9
Bùi Anh Bình,5,5,1,3
Đỗ Trọng Khánh,5,5,2,5
Phan Duy Khánh,3,4,1,2
Đỗ Tấn Lan,1,0,5,3
Đỗ Hữu Bình,5,9,8,9
Phạm Duy Lan,0,7,1,4
Bùi Thị Hạnh,7,5,7,7
Phan Thị Trang,6,4,3,6
Đỗ Thị Tú,9,10,10,10
Bùi Duy Hùng,4,5,1,3
Đặng Thị Bình,8,9,8,10
Đặng Minh Lan,2,4,4,5
Đỗ Thị Phương,4,0,9,6
Bùi Trọng Phương,5,1,9,8
Phạm Văn Bình,5,6,10,10
Bùi Duy Trang,3,2,9,8
Nguyễn Tấn Hạnh,8,8,4,8
Phan Hữu Trang,5,10,6,9
Đỗ Ngọc Hạnh,1,2,4,4
Lê Anh Bình,0,2,8,6
Phan Quốc Hương,0,1,2,1
Trần Thị Khánh,0,0,7,3
Vũ Hữu Phương,0,0,7,5
Bùi Minh Nam,9,9,8,10
Phạm Quốc Nam,1,5,3,4
Nguyễn Tấn Nam,0,5,3,2
Lê Anh Khánh,3,7,8,9
Lê Ngọc Hương,2,6,7,7
Hoàng Duy Hạnh,9,2,6,7
Đỗ Hữu Trang,10,9,3,7
Nguyễn Tấn Tú,6,1,4,4
Phan Duy Hương,2,6,1,4
Nguyễn Văn Lan,6,0,8,7
Hoàng Văn Khánh,2,10,7,8
Bùi Ngọc Trang,2,4,1,3
Nguyễn Quốc Khánh,4,8,6,9
Lê Thị Nam,6,9,4,7
Bùi Hữu Nam,0,10,6,7
Đỗ Hữu Bình,4,9,7,8
Đặng Trọng Khánh,4,8,9,10
Vũ Trọng Hạnh,3,5,0,2
Vũ Quốc Nam,7,8,1,5
Bùi Duy Hạnh,7,9,6,9
Vũ Trọng Nam,7,3,3,4
Đỗ Thị Lan,8,0,3,3
Lê Văn Hạnh,4,3,6,5
Nguyễn Hữu Lan,0,4,0,1
Hoàng Thị Trang,10,2,0,5
Phan Duy Trang,8,1,3,4
Đỗ Minh Hùng,8,6,0,5
Phạm Quốc Phương,1,9,6,6
Vũ Anh Bình,5,2,7,8
Đặng Anh Hùng,9,10,7,10
Phan Anh Hạnh,3,4,1,3
Bùi Trọng Lan,1,3,5,5
Trần Tấn Trang,4,1,10,8
Trần Quốc Khánh,3,3,9,7
Phạm Anh Tú,2,0,8,6
Trần Trọng Nam,1,10,1,4
Bùi Trọng Hùng,0,3,2,3
Trần Anh Khánh,7,9,8,10
Bùi Văn Phương,2,8,2,4
Trần Trọng Tú,8,5,8,9
Đặng Văn Khánh,8,1,0,2
Lê Ngọc Tú,7,2,1,2
Trần Duy Lan,7,10,3,8
Vũ Minh Phương,1,1,10,7
Hoàng Tấn Phương,3,6,7,8
Đỗ Anh Hương,1,0,5,3
Hoàng Duy Nam,4,2,8,6
Trần Duy Trang,2,2,7,6
Bùi Tấn Hạnh,8,6,2,5
Vũ Quốc Nam,9,1,6,7
Vũ Quốc Lan,7,2,6,7
Nguyễn Ngọc Hùng,7,7,4,6
Đỗ Ngọc Hương,8,9,10,10
Đặng Anh Khánh,9,4,9,10
Phạm Hữu Lan,0,1,6,4
Phan Thị Khánh,10,9,1,7
Nguyễn Duy Bình,6,4,8,8
Vũ Thị Nam,9,7,9,10
Nguyễn Anh Bình,9,2,6,7
Phạm Minh Hương,6,0,8,8
Đỗ Minh Bình,10,6,5,8
Bùi Anh Lan,1,6,7,8
Đặng Quốc Hạnh,6,2,1,4
Đỗ Hữu Hạnh,10,7,10,10
Phạm Duy Phương,6,9,5,7
Bùi Quốc Hạnh,9,6,3,7
Đỗ Duy Lan,7,6,3,6
Phạm Duy Nam,3,9,9,9
Bùi Thị Lan,9,4,6,8
Hoàng Hữu Hạnh,5,3,3,5
Đặng Anh Tú,7,1,10,8
Lê Anh Lan,3,1,5,5
Vũ Thị Hùng,5,3,3,4
Nguyễn Duy Lan,0,7,5,6
Đỗ Ngọc Hạnh,7,5,10,9
Vũ Quốc Tú,8,8,5,8
Trần Tấn Phương,1,8,2,4
Bùi Hữu Hạnh,2,9,2,4
Vũ Quốc Hạnh,6,6,1,4
Trần Minh Phương,2,5,4,5
Lê Hữu Trang,2,3,9,7
Phạm Ngọc Nam,1,5,1,2
Phạm Văn Khánh,3,10,1,5
Đỗ Tấn Bình,10,0,2,3
Trần Anh Hương,5,10,6,8
Đặng Trọng Phương,3,5,9,9
Phạm Duy Lan,1,5,0,1
Phạm Văn Bình,8,8,1,6
Vũ Quốc Trang,7,8,2,7
Phan Anh Trang,6,9,5,7
Trần Duy Hùng,0,3,0,1
Phạm Minh Hùng,0,8,3,4
Trần Trọng Hương,8,3,8,8
Phạm Duy Phương,1,5,6,7
Đỗ Ngọc Khánh,5,10,1,6
Đặng Minh Hùng,6,0,7,7
Phan Ngọc Hương,6,9,1,6
Lê Thị Tú,6,9,10,10
Bùi Quốc Hạnh,9,5,6,8
Nguyễn Minh Hương,6,8,6,8
Hoàng Tấn Phương,1,7,8,9
Phan Duy Lan,0,10,4,6
Phan Anh Hương,8,9,4,9
Phan Tấn Phương,9,5,5,7
Trần Tấn Bình,0,2,2,1
Vũ Hữu Trang,10,5,0,5
Đỗ Thị Phương,4,5,9,9
Hoàng Thị Phương,7,9,4,9
Phan Trọng Hương,7,9,2,7
Đặng Anh Hạnh,0,3,7,5
Lê Hữu Lan,4,4,0,1
Nguyễn Anh Khánh,8,9,10,10
Phạm Văn Phương,8,10,3,7
Trần Tấn Hạnh,2,10,9,10
Phạm Ngọc Trang,10,8,3,9
Đỗ Hữu Hạnh,5,9,3,6
Bùi Minh Hạnh,9,7,4,9
Bùi Minh Tú,9,8,5,8
Bùi Duy Trang,0,0,2,2
Lê Minh Tú,10,8,1,5
Đỗ Hữu Tú,2,6,8,8
Nguyễn Thị Bình,5,4,4,5
Vũ Duy Trang,5,10,3,7
Hoàng Trọng Trang,4,6,2,4
Đặng Tấn Lan,5,5,1,3
Đặng Hữu Nam,5,8,1,6
Vũ Thị Hương,4,7,3,5
Nguyễn Trọng Hùng,0,7,10,8
Vũ Văn Lan,7,6,9,10
Trần Văn Khánh,9,6,7,8
Phạm Trọng Phương,10,0,6,6
Nguyễn Quốc Bình,1,8,10,8
Hoàng Anh Hùng,5,5,10,9
Vũ Trọng Lan,0,10,5,7
Đặng Hữu Khánh,10,3,6,8
Nguyễn Quốc Tú,2,2,10,7
Nguyễn Thị Bình,2,5,9,7
Bùi Anh Phương,8,8,3,8
Trần Quốc Nam,9,5,2,6
Trần Quốc Khánh,1,6,9,8
Đặng Ngọc Nam,7,2,6,6
Đỗ Ngọc Hạnh,9,8,5,8
Đặng Thị Nam,7,1,10,9
Hoàng Anh Bình,3,4,8,8
Nguyễn Duy Bình,2,0,8,6
Nguyễn Văn Tú,0,0,0,0
Đỗ Văn Phương,2,8,0,4
Phạm Quốc Khánh,3,8,10,10
Phạm Ngọc Bình,9,9,7,10
Bùi Duy Tú,8,1,8,7
Bùi Văn Khánh,10,6,8,10
Đỗ Anh Khánh,7,9,1,5
Hoàng Quốc Hùng,0,4,10,7
Vũ Anh Hương,1,4,1,2
Đỗ Minh Nam,9,7,10,10
Đỗ Tấn Hương,0,3,7,5
Đỗ Quốc Nam,1,8,6,6
Phan Hữu Trang,6,8,8,10
Phan Anh Hùng,1,5,7,7
Trần Duy Bình,10,10,8,10
Phạm Tấn Hạnh,0,1,6,4
Lê Hữu Hạnh,3,1,8,7
Đặng Minh Nam,9,7,1,6
Phạm Quốc Hùng,5,1,0,3
Đỗ Hữu Phương,8,5,1,5
Nguyễn Duy Tú,3,1,9,7
Lê Ngọc Hương,8,5,3,7
Hoàng Trọng Phương,1,8,0,3
Lê Duy Lan,10,5,2,6
Lê Thị Bình,2,0,6,3
Đỗ Ngọc Hùng,9,8,3,7
Bùi Văn Hương,0,2,0,1
Nguyễn Hữu Trang,10,0,8,9
Đặng Trọng Trang,0,1,4,2
Bùi Minh Khánh,6,1,8,8
Đỗ Tấn Phương,6,2,2,4
Nguyễn Thị Hạnh,6,10,8,10
Phạm Minh Lan,6,5,9,9
Đỗ Minh Phương,7,1,8,7
Hoàng Quốc Phương,1,0,7,4
Đỗ Trọng Hương,9,1,3,5
Bùi Quốc Hùng,0,9,10,10
Nguyễn Minh Lan,8,3,3,5
Trần Ngọc Bình,4,10,4,8
Đỗ Hữu Lan,5,9,9,10
Đặng Trọng Khánh,7,6,5,8
Lê Quốc Hạnh,6,8,7,10
Nguyễn Trọng Hương,10,8,2,7
Vũ Thị Khánh,2,5,9,9
Vũ Trọng Tú,5,9,8,10
Phan Duy Phương,6,4,8,8
Hoàng Quốc Tú,1,9,6,8
Phan Văn Lan,10,9,4,9
Vũ Thị Bình,7,2,0,3
Phạm Văn Lan,9,1,6,6
Vũ Văn Bình,4,10,8,10
Vũ Anh Lan,2,2,3,3
Bùi Hữu Tú,6,9,7,10
Phan Anh Hùng,5,5,4,7
Lê Thị Lan,6,5,10,10
Vũ Quốc Tú,0,4,8,7
Nguyễn Tấn Tú,7,8,2,6
Bùi Hữu Trang,9,8,10,10
Bùi Minh Phương,0,9,4,6
Hoàng Hữu Bình,3,7,4,7
Nguyễn Quốc Hùng,10,9,7,10
Phạm Minh Hùng,8,3,0,2
Bùi Hữu Hùng,5,4,5,6
Phan Quốc Nam,10,9,3,8
Phan Hữu Lan,5,8,9,10
Đỗ Minh Lan,7,2,9,9
Đỗ Duy Hương,6,0,7,7
Phạm Minh Hùng,3,6,3,4
Phạm Hữu Khánh,0,2,8,6
Phan Ngọc Bình,4,8,5,7
Trần Tấn Bình,9,6,1,6
Hoàng Ngọc Khánh,10,2,3,6
Phan Ngọc Phương,6,4,7,8
Hoàng Trọng Khánh,9,1,0,4
Lê Quốc Lan,0,0,4,2
Phạm Thị Lan,6,2,6,6
Đỗ Anh Hạnh,10,10,8,10
Bùi Thị Hùng,5,1,10,9
Lê Duy Trang,4,3,3,5
Phan Trọng Khánh,1,6,10,8
Phạm Văn Bình,1,8,5,6
Lê Minh Bình,9,9,8,10
Bùi Anh Hương,7,0,5,6
Hoàng Thị Phương,9,7,5,7
Trần Hữu Hùng,1,10,7,7
Phan Anh Bình,7,5,0,4
Hoàng Duy Phương,3,1,9,7
Phan Trọng Phương,4,9,10,10
Đỗ Hữu Trang,0,5,5,4
Vũ Ngọc Hương,10,7,10,10
Trần Ngọc Bình,10,8,10,10
Bùi Minh Trang,7,7,1,5
Vũ Quốc Bình,1,2,7,6
Trần Duy Lan,4,4,5,5
Bùi Minh Hương,2,1,6,4
Đỗ Thị Bình,0,2,0,0
Vũ Ngọc Hùng,9,7,3,8
Phạm Thị Phương,7,4,10,9
Phan Thị Hùng,3,4,9,8
Lê Thị Hùng,9,10,4,9
Phạm Hữu Lan,8,3,7,8
Trần Ngọc Lan,9,6,1,6
Hoàng Minh Phương,1,9,5,7
Bùi Trọng Nam,9,8,7,10
Đặng Văn Hùng,3,6,8,8
Nguyễn Hữu Phương,0,10,9,10
Nguyễn Hữu Hương,3,10,3,7
Vũ Ngọc Trang,4,6,2,5
Phạm Anh Bình,10,3,9,10
Nguyễn Quốc Hương,2,0,7,5
Bùi Quốc Phương,7,6,10,10
Phạm Duy Hương,9,5,3,5
Đặng Trọng Lan,8,9,2,7
Phan Duy Hùng,2,1,1,2
Lê Văn Hạnh,9,4,6,8
Phạm Ngọc Khánh,9,4,4,6
Lê Tấn Hương,9,3,8,10
Bùi Văn Lan,0,1,10,6
Trần Ngọc Hùng,4,3,8,7
Lê Văn Nam,2,5,7,6
Bùi Duy Lan,2,9,10,9
Trần Duy Khánh,2,7,10,10
Trần Quốc Lan,8,8,2,7
Lê Thị Phương,8,9,5,9
Lê Quốc Khánh,0,5,1,2
Đỗ Tấn Khánh,6,1,0,2
Lê Duy Nam,4,10,10,10
Lê Văn Hùng,0,7,10,10
Phạm Hữu Hương,3,4,5,5
Đặng Minh Hạnh,4,5,4,6
Trần Trọng Lan,8,0,2,3
Bùi Tấn Bình,7,1,1,3
Đặng Hữu Bình,3,3,0,1
Vũ Văn Hương,0,2,10,7
Đỗ Anh Hạnh,4,0,10,8
Đỗ Thị Phương,4,7,5,6
Bùi Ngọc Bình,4,9,0,5
Trần Trọng Hương,8,7,4,8
Vũ Ngọc Hương,3,3,7,7
Đỗ Văn Lan,10,10,2,9
Trần Minh Phương,2,3,10,9
Bùi Tấn Tú,3,3,2,4
Trần Thị Tú,0,7,2,4
Bùi Anh Phương,6,5,4,6
Đỗ Quốc Hạnh,5,0,2,3
Phạm Ngọc Bình,10,8,9,10
Hoàng Anh Phương,5,7,10,10
Lê Minh Bình,9,7,5,9
Lê Trọng Hùng,8,2,4,5
Đỗ Duy Bình,10,3,7,8
Đặng Anh Hùng,4,9,3,5
Vũ Anh Tú,4,8,8,9
Đỗ Anh Lan,10,3,2,5
Đặng Minh Hạnh,7,8,0,5
Đỗ Ngọc Trang,1,3,4,4
Vũ Quốc Hùng,2,7,5,7
Phạm Anh Hùng,5,6,2,4
Bùi Thị Tú,3,10,1,6
Đặng Trọng Phương,7,5,3,5
Đỗ Minh Lan,8,10,7,10
Hoàng Tấn Nam,8,6,1,4
Phan Minh Khánh,5,0,1,2
Đặng Trọng Hạnh,1,2,3,4
Lê Hữu Hùng,6,9,2,5
Bùi Tấn Tú,4,9,8,10
Hoàng Duy Khánh,10,2,2,5
Hoàng Ngọc Tú,5,1,6,5
Đỗ Minh Tú,9,10,4,10
Trần Minh Trang,6,6,1,5
Bùi Ngọc Hương,3,0,7,5
Đỗ Anh Khánh,6,6,8,10
Đỗ Văn Bình,10,6,8,9
Trần Trọng Khánh,1,10,9,9
Đặng Hữu Phương,3,1,6,4
Vũ Trọng Khánh,5,10,9,10
Trần Ngọc Phương,1,6,0,1
Vũ Hữu Phương,4,6,6,6
Đặng Anh Trang,10,3,6,9
Đỗ Duy Phương,1,5,3,4
Đỗ Anh Phương,0,6,9,7
Bùi Anh Hương,6,2,10,8
Đặng Hữu Trang,7,3,9,10
Lê Hữu Hạnh,3,10,4,7
Phạm Quốc Nam,8,4,4,7
Vũ Tấn Hùng,10,8,4,7
Đỗ Văn Lan,5,0,8,6
Lê Quốc Hạnh,5,4,2,4
Đỗ Tấn Trang,0,3,0,1
Phan Hữu Hạnh,9,7,5,9
Phan Hữu Hùng,8,2,7,7
Vũ Tấn Hương,0,2,1,1
Bùi Minh Hùng,4,3,8,8
Hoàng Văn Lan,7,9,4,8
Phan Quốc Bình,7,9,1,5
Hoàng Ngọc Hạnh,3,3,7,6
Bùi Ngọc Phương,3,2,7,5
Nguyễn Quốc Khánh,4,4,10,8
Phạm Văn Khánh,5,0,9,8
Phan Văn Lan,4,2,6,5
Hoàng Văn Hạnh,3,7,8,9
Phan Văn Khánh,2,5,5,5
Phan Anh Nam,10,8,7,10
Đỗ Ngọc Bình,3,8,5,7
Phan Ngọc Hương,9,5,8,9
Vũ Văn Tú,7,5,4,7
Đỗ Quốc Hạnh,1,3,9,6
Bùi Thị Khánh,0,3,6,4
Lê Ngọc Hùng,2,4,3,4
Đặng Văn Hùng,7,10,9,10
Lê Ngọc Trang,7,2,2,5
Phạm Hữu Trang,1,3,9,7
Đỗ Anh Bình,8,0,0,2
Lê Thị Khánh,6,4,2,4
Trần Tấn Trang,2,0,5,4
Lê Thị Hùng,1,3,6,5
Vũ Hữu Bình,6,4,5,7
Nguyễn Anh Lan,4,9,8,10
Lê Anh Hạnh,1,8,6,6
Phạm Duy Hương,2,8,9,9
Nguyễn Ngọc Hùng,2,7,5,6
Phan Trọng Hạnh,6,7,6,8
Nguyễn Ngọc Trang,0,7,0,3
Nguyễn Hữu Phương,3,2,2,3
Trần Thị Khánh,8,10,3,7
Vũ Trọng Hương,3,10,3,6
Đặng Duy Khánh,7,10,8,10
Lê Văn Hương,1,1,1,2
Phạm Quốc Lan,7,1,0,2
Vũ Thị Tú,3,6,1,3
Phạm Quốc Hương,2,3,6,5
Lê Anh Trang,10,6,9,10
Phan Quốc Lan,4,9,8,9
Phan Tấn Khánh,7,3,9,8
Hoàng Ngọc Phương,7,8,1,6
Nguyễn Trọng Trang,0,10,0,4
Phạm Thị Tú,10,8,9,10
Hoàng Văn Lan,6,6,3,5
Hoàng Văn Trang,6,8,2,6
Đỗ Duy Hạnh,8,1,3,4
Bùi Thị Bình,1,6,0,2
Đặng Quốc Tú,2,7,4,4
Phan Ngọc Nam,8,1,4,6
Bùi Anh Khánh,7,3,3,6
Lê Ngọc Bình,7,9,8,10
Phan Tấn Hạnh,0,9,0,3
Phan Trọng Hương,4,5,0,4
Hoàng Thị Tú,6,4,4,6
Lê Ngọc Tú,8,1,10,9
Phan Hữu Bình,8,0,0,2
Hoàng Hữu Hùng,2,9,3,6
Phạm Minh Trang,7,3,1,4
Lê Duy Nam,9,2,9,9
Đỗ Duy Hạnh,4,9,0,5
Bùi Thị Tú,7,9,9,10
Nguyễn Văn Khánh,7,4,2,4
Phan Minh Khánh,10,7,3,7
Nguyễn Thị Hùng,10,9,7,10
Phan Trọng Tú,4,6,9,8
Trần Quốc Tú,5,5,2,4
Lê Trọng Hùng,3,1,4,3
Lê Minh Trang,7,9,7,10
Bùi Quốc Phương,5,8,3,7
Lê Minh Hương,7,7,6,9
Hoàng Anh Lan,9,2,8,9
Phan Anh Tú,0,10,4,6
Vũ Hữu Trang,3,0,8,6
Lê Thị Nam,9,5,9,10
Vũ Hữu Phương,0,0,10,6
Vũ Tấn Khánh,4,3,0,2
Hoàng Thị Hạnh,4,6,0,3
Nguyễn Văn Nam,6,7,9,10
Phạm Trọng Nam,1,3,7,6
Bùi Duy Hạnh,2,5,4,6
Bùi Minh Bình,1,8,7,7
Đặng Tấn Trang,5,2,5,6
Lê Văn Tú,10,0,8,9
Bùi Văn Phương,4,8,4,6
Trần Thị Tú,2,1,9,8
Lê Trọng Bình,9,4,10,10
Nguyễn Quốc Hùng,8,2,6,6
Bùi Tấn Bình,1,9,9,9
Phạm Tấn Khánh,5,4,6,7
Phan Anh Bình,10,2,3,6
Phạm Trọng Trang,3,4,4,5
Phan Hữu Hùng,3,10,8,10
Trần Trọng Hương,8,9,5,9
Đặng Tấn Tú,0,5,5,6
Phan Minh Nam,3,1,0,2
Đỗ Ngọc Khánh,8,1,2,4
Lê Hữu Lan,0,3,10,6
Đặng Quốc Hương,10,3,2,4
Phạm Hữu Hạnh,5,1,10,7
Nguyễn Hữu Bình,3,2,10,9
Phạm Thị Khánh,1,4,1,3
Trần Tấn Hạnh,0,5,7,5
Trần Trọng Hương,7,10,0,5
Nguyễn Tấn Trang,1,7,10,8
Nguyễn Ngọc Hạnh,2,7,9,10
Hoàng Duy Lan,2,0,4,3
Trần Trọng Trang,10,1,9,9
Nguyễn Trọng Lan,4,5,10,10
Lê Thị Trang,10,10,2,8
Bùi Trọng Hạnh,10,5,6,9
Trần Văn Hương,6,7,5,8
Trần Thị Hùng,4,5,9,8
Nguyễn Quốc Nam,8,7,6,8
Phan Ngọc Tú,6,3,3,5
Bùi Ngọc Hùng,7,6,1,5
Phan Quốc Khánh,6,0,6,5
Trần Ngọc Khánh,6,4,10,10
Phạm Tấn Nam,2,4,0,2
Phan Văn Hùng,1,9,9,9
Bùi Ngọc Bình,1,5,0,2
Hoàng Hữu Khánh,4,7,7,9
Nguyễn Anh Phương,8,7,3,7
Đặng Hữu Hương,1,1,9,6
Hoàng Duy Lan,3,1,5,5
Đỗ Tấn Hạnh,9,4,6,8
Đặng Duy Phương,5,3,1,2
Lê Ngọc Hạnh,2,10,8,9
Hoàng Duy Hương,6,9,1,6
Nguyễn Ngọc Tú,2,0,10,7
Nguyễn Tấn Trang,5,2,9,9
Phan Trọng Nam,6,3,9,8
Đặng Quốc Lan,1,9,5,6
Đặng Trọng Lan,1,5,2,4
Phan Văn Lan,3,0,5,5
Phạm Quốc Hùng,0,0,4,3
Vũ Minh Khánh,10,8,4,8
Hoàng Minh Lan,2,7,4,6
Hoàng Anh Hương,8,0,1,3
Lê Ngọc Hùng,8,8,9,10
Phan Văn Hương,3,5,5,5
Phạm Ngọc Khánh,7,8,7,10
Lê Trọng Hùng,6,9,5,8
Bùi Anh Bình,3,7,0,3
Đặng Tấn Tú,4,9,5,6
Vũ Duy Khánh,5,0,6,6
Phan Văn Bình,4,3,3,3
Lê Quốc Khánh,8,4,2,5
Hoàng Hữu Hương,6,8,8,10
Phạm Hữu Phương,3,8,0,4
Nguyễn Duy Nam,6,0,2,2
Hoàng Thị Bình,4,10,10,10
Phạm Quốc Hạnh,2,6,7,7
Vũ Quốc Nam,4,5,2,4
Đặng Thị Bình,10,3,8,10
Vũ Tấn Trang,0,7,4,5
Trần Duy Hạnh,10,4,1,5
Đặng Ngọc Khánh,6,2,5,5
Vũ Anh Hương,9,0,4,6
Trần Trọng Khánh,7,3,6,7
Hoàng Hữu Trang,9,6,2,5
Phạm Văn Phương,1,5,2,4
Vũ Duy Hương,10,2,9,10
Đặng Trọng Lan,10,4,1,4
Phạm Quốc Phương,1,5,8,8
Trần Duy Hạnh,5,9,7,9
Trần Anh Tú,7,5,1,5
Lê Ngọc Nam,5,7,4,5
Lê Văn Lan,8,5,10,10
Lê Minh Trang,2,4,9,8
Vũ Duy Hạnh,10,9,0,7
Trần Quốc Hùng,5,4,4,6
Trần Thị Nam,6,1,1,2
Lê Minh Hùng,0,6,4,4
Phạm Anh Hạnh,10,6,4,8
Nguyễn Hữu Hùng,6,6,9,10
Trần Ngọc Lan,3,9,6,8
Nguyễn Thị Hùng,7,7,2,6
Phan Anh Lan,9,7,1,5
Phạm Quốc Hùng,4,3,10,8
Phạm Hữu Hùng,10,2,6,8
Đặng Duy Khánh,8,1,10,8
Đỗ Trọng Hùng,6,10,8,10
Phạm Văn Hạnh,4,8,9,10
Phạm Thị Tú,5,7,9,10
Phạm Ngọc Hương,6,4,1,4
Lê Văn Nam,6,2,5,5
Trần Minh Trang,6,7,3,6
Trần Văn Hùng,4,5,6,8
Phan Hữu Khánh,1,10,9,9
Phan Văn Phương,6,9,8,10
Phan Văn Trang,0,6,10,7
Bùi Quốc Tú,0,4,2,3
Hoàng Duy Hương,5,4,4,5
Hoàng Văn Nam,9,3,0,5
Hoàng Quốc Lan,1,2,7,6
Trần Văn Lan,5,1,5,5
Phan Duy Hương,7,5,1,4
Nguyễn Ngọc Lan,5,9,5,8
Đặng Quốc Trang,10,6,10,10
Hoàng Hữu Bình,3,5,2,3
Bùi Thị Hương,5,0,3,4
Bùi Văn Khánh,9,7,5,8
Bùi Hữu Lan,2,0,10,7
Nguyễn Hữu Bình,8,0,7,7
Đỗ Tấn Nam,0,10,9,8
Trần Anh Khánh,8,3,10,10
Phạm Văn Hương,8,10,4,8
Bùi Anh Phương,2,2,0,2
Phạm Văn Hạnh,6,4,6,8
Hoàng Thị Hạnh,1,3,5,5
Phạm Anh Bình,9,5,1,5
Trần Tấn Hương,6,0,7,7
Hoàng Minh Phương,10,0,0,4
Lê Văn Bình,8,3,5,6
Nguyễn Tấn Bình,3,2,8,7
Hoàng Duy Khánh,5,2,1,2
Lê Tấn Hùng,7,1,0,2
Nguyễn Ngọc Hùng,2,2,7,5
Lê Anh Phương,8,3,5,7
Lê Ngọc Khánh,2,9,8,10
Đặng Văn Phương,2,4,2,3
Lê Hữu Tú,3,0,5,4
Vũ Thị Tú,9,2,2,5
Nguyễn Minh Bình,2,4,5,6
Phạm Anh Nam,0,5,4,4
Bùi Quốc Hương,7,1,10,9
Lê Tấn Hùng,8,7,5,8
Vũ Hữu Nam,4,10,10,10
Nguyễn Minh Hạnh,10,8,1,7
Hoàng Duy Hạnh,1,0,9,7
Lê Ngọc Hùng,5,3,9,7
Lê Minh Tú,10,3,0,4
Hoàng Duy Khánh,6,2,5,7
Lê Tấn Bình,6,8,8,10
Bùi Minh Trang,10,0,8,7
Phạm Minh Lan,9,1,0,2
Nguyễn Minh Phương,1,10,1,5
Đặng Duy Phương,8,3,10,10
Đỗ Hữu Hạnh,9,4,0,4
Phạm Anh Hương,2,4,3,5
Trần Hữu Trang,6,8,6,7
Lê Trọng Trang,1,6,1,3
Bùi Văn Trang,6,6,8,8
Đặng Ngọc Bình,6,2,7,8
Lê Quốc Hạnh,1,10,4,5
Nguyễn Minh Hương,5,8,2,6
Vũ Minh Khánh,9,2,9,9
Bùi Trọng Hương,1,0,6,4
Hoàng Duy Hương,2,3,0,1
Bùi Văn Nam,8,1,1,2
Lê Minh Phương,6,1,6,5
Nguyễn Tấn Nam,9,7,1,6
Đỗ Duy Hạnh,10,5,5,9
Lê Thị Phương,10,9,8,10
Bùi Thị Lan,0,4,7,6
Phan Quốc Hạnh,9,10,1,7
Đặng Thị Hương,7,8,3,7
Đặng Quốc Hương,9,4,0,4
Vũ Hữu Hạnh,1,0,3,2
Lê Ngọc Lan,3,5,8,8
Đỗ Văn Tú,7,8,4,8
Trần Quốc Phương,5,1,1,1
Bùi Ngọc Nam,8,7,10,10
Hoàng Minh Hương,2,9,3,6
Đặng Tấn Tú,2,9,5,6
Trần Tấn Nam,5,10,3,8
Phan Minh Phương,1,2,9,6
Đỗ Duy Phương,10,7,7,9
Đỗ Tấn Bình,6,8,5,8
Lê Anh Tú,0,5,5,4
Đỗ Minh Khánh,8,7,9,10
Trần Ngọc Bình,3,4,2,4
Bùi Thị Tú,5,9,2,7
Phan Ngọc Hùng,8,7,2,5
Phan Duy Lan,6,1,5,6
Hoàng Quốc Khánh,2,5,1,3
Vũ Thị Nam,0,1,1,0
Đặng Anh Hạnh,0,8,3,3
Trần Quốc Lan,9,8,2,7
Lê Thị Phương,2,5,8,8
Đặng Ngọc Hạnh,5,10,4,7
Hoàng Thị Hùng,10,0,1,3
Đặng Hữu Nam,2,4,6,5
Nguyễn Thị Tú,10,5,3,6
Lê Minh Trang,8,7,2,6
Đỗ Duy Phương,7,4,0,4
Phan Trọng Lan,3,7,10,9
Đặng Hữu Trang,6,8,6,7
Phan Quốc Hương,4,1,3,4
Trần Ngọc Nam,1,8,3,4
Bùi Quốc Phương,10,0,6,8
Lê Trọng Bình,0,6,1,2
Trần Văn Hương,0,8,10,8
Lê Ngọc Hùng,10,10,2,8
Phạm Văn Lan,0,8,10,9
Lê Duy Lan,0,4,5,4
Trần Ngọc Hạnh,8,7,2,7
Đỗ Anh Phương,10,10,10,10
Phạm Ngọc Hương,9,9,7,10
Trần Minh Bình,7,0,3,4
Phạm Trọng Trang,3,3,9,8
Nguyễn Văn Nam,2,10,0,4
Bùi Anh Tú,4,3,6,5
Lê Tấn Hùng,3,1,0,0
Phạm Minh Phương,6,3,10,9
Hoàng Trọng Lan,5,5,0,3
Nguyễn Duy Khánh,9,2,2,4
Lê Duy Lan,4,9,5,8
Trần Anh Tú,1,8,2,3
Đặng Thị Phương,2,3,6,5
Phan Tấn Lan,0,0,0,0
Bùi Trọng Trang,3,2,0,2
Phan Thị Trang,7,5,5,7
Đặng Văn Khánh,7,1,6,5
Vũ Hữu Lan,6,10,8,9
Hoàng Thị Trang,1,1,0,0
Đỗ Duy Khánh,4,1,6,6
Bùi Văn Hương,5,9,2,6
Phan Hữu Phương,10,9,2,8
Phạm Quốc Lan,8,4,4,5
Trần Anh Phương,0,8,1,2
Phan Trọng Phương,5,4,10,9
Phạm Minh Nam,9,10,1,6
Phạm Trọng Tú,6,3,0,4
Đỗ Hữu Phương,3,2,8,7
Lê Trọng Hùng,9,0,7,8
Vũ Thị Hùng,4,10,3,6
Hoàng Hữu Hùng,2,10,6,9
Đặng Tấn Trang,3,7,9,8
Đặng Văn Hạnh,2,6,2,4
Phạm Duy Hạnh,5,1,9,7
Vũ Minh Bình,7,3,4,5
Hoàng Ngọc Hạnh,5,2,2,4
Hoàng Hữu Tú,6,2,9,9
Đỗ Ngọc Nam,9,5,6,9
Trần Trọng Hương,8,4,5,6
Đặng Anh Khánh,5,8,9,10
Nguyễn Trọng Hương,9,4,1,4
Hoàng Hữu Bình,9,1,0,2
Hoàng Quốc Nam,6,8,5,8
Trần Ngọc Trang,2,8,9,9
Phạm Quốc Bình,0,10,9,9
Đặng Ngọc Tú,9,6,8,10
Phan Trọng Nam,2,9,1,3
Lê Trọng Khánh,10,0,4,7
Đỗ Quốc Nam,7,10,3,7
Hoàng Ngọc Khánh,2,8,0,2
Nguyễn Trọng Khánh,4,4,8,8
Bùi Văn Hùng,3,9,0,3
Phạm Quốc Nam,7,5,4,7
Vũ Minh Hạnh,3,2,4,4
Trần Văn Trang,2,0,1,2
Phạm Hữu Lan,5,10,0,6
Lê Ngọc Khánh,4,3,1,2
Nguyễn Minh Trang,9,3,4,5
Trần Duy Hùng,4,2,0,2
Phạm Ngọc Tú,2,9,5,7
Vũ Anh Khánh,8,8,8,9
Lê Ngọc Bình,2,8,10,10
Vũ Thị Lan,10,6,4,8
Đặng Duy Nam,3,9,3,6
Vũ Văn Hùng,3,4,9,7
Phan Tấn Hùng,8,0,8,7
Phan Minh Phương,7,9,8,10
Phạm Minh Phương,5,0,10,7
Hoàng Hữu Lan,1,4,5,4
Đỗ Tấn Hùng,5,1,7,7
Nguyễn Duy Hạnh,9,6,4,8
Bùi Anh Bình,7,9,8,10
Đặng Tấn Bình,3,4,6,6
Phan Ngọc Hùng,5,9,10,10
Đặng Anh Phương,8,4,5,8
Đỗ Trọng Nam,1,4,3,3
Lê Văn Trang,3,6,0,2
Vũ Ngọc Bình,1,10,6,6
Phạm Thị Nam,2,7,3,5
Vũ Duy Tú,10,3,8,9
Đỗ Hữu Khánh,4,3,6,7
Phan Anh Trang,8,0,2,4
Vũ Quốc Hùng,6,5,8,9
Trần Tấn Hùng,7,4,7,7
Vũ Anh Tú,7,10,3,7
Nguyễn Trọng Lan,6,7,6,8
Đỗ Quốc Trang,10,5,4,8
Đặng Duy Khánh,8,1,5,6
Phạm Tấn Khánh,5,2,5,6
Vũ Ngọc Tú,9,3,4,5
Phạm Ngọc Bình,5,5,0,4
Lê Ngọc Khánh,9,8,1,7
Phan Tấn Tú,3,0,8,6
Vũ Trọng Hạnh,8,2,10,10
Đỗ Quốc Lan,7,6,0,3
Phạm Minh Khánh,4,5,6,6
Phan Thị Bình,3,10,8,8
Lê Quốc Trang,10,3,1,5
Hoàng Quốc Trang,3,10,6,9
Phan Trọng Khánh,10,2,9,9
Trần Văn Phương,10,1,0,3
Bùi Ngọc Hương,3,1,5,4
Phạm Duy Lan,0,1,4,3
Phan Thị Hạnh,7,5,5,8
Hoàng Tấn Lan,7,2,0,4
Đặng Thị Tú,6,1,1,3
Đặng Duy Hạnh,9,10,7,10
Phan Văn Trang,6,6,5,8
Phạm Văn Phương,5,10,5,8
Bùi Hữu Lan,7,5,6,7
Đỗ Quốc Hương,4,3,7,8
Bùi Minh Lan,6,6,6,7
Phạm Trọng Tú,3,4,1,2
Đặng Anh Trang,2,3,2,4
Đỗ Quốc Khánh,4,8,3,6
Đỗ Quốc Hạnh,0,4,9,8
Vũ Hữu Hạnh,3,4,3,4
Đỗ Minh Hương,9,5,5,8
Đặng Tấn Bình,6,2,9,9
Lê Thị Tú,10,2,2,5
Vũ Thị Hương,10,4,10,10
Phan Minh Phương,8,0,10,8
Hoàng Hữu Phương,5,9,6,9
Hoàng Minh Trang,3,7,8,8
Vũ Trọng Nam,0,6,9,9
Vũ Quốc Tú,8,3,10,10
Vũ Tấn Bình,7,4,3,6
Phan Thị Khánh,8,10,6,10
Phan Anh Hạnh,9,1,3,4
Nguyễn Tấn Lan,4,7,9,10
Hoàng Ngọc Phương,3,0,4,4
Lê Hữu Tú,1,7,7,8
Phan Hữu Nam,7,10,2,7
Trần Tấn Hùng,1,4,9,7
Lê Anh Hùng,1,8,0,3
Vũ Quốc Phương,4,7,3,5
Phan Minh Bình,4,2,5,5
Trần Thị Bình,8,8,0,6
Hoàng Thị Tú,7,4,0,2
Phạm Ngọc Bình,5,4,7,8
Hoàng Ngọc Hạnh,1,9,1,3
Đỗ Duy Hương,1,6,7,7
Bùi Thị Phương,6,7,1,4
Đỗ Thị Trang,10,9,3,7
Nguyễn Tấn Hạnh,4,4,1,4
Vũ Tấn Lan,5,1,6,5
Phan Trọng Hương,10,10,6,10
Đỗ Thị Nam,6,7,0,5
Đặng Ngọc Phương,5,7,5,7
Phan Trọng Nam,10,7,8,10
Đỗ Anh Hạnh,10,7,0,5
Phan Thị Phương,6,9,7,10
Đỗ Hữu Hương,2,9,8,9
Phạm Anh Phương,7,4,9,9
Phan Quốc Phương,4,1,2,2
Vũ Trọng Lan,0,1,2,1
Hoàng Quốc Trang,10,9,10,10
Vũ Thị Lan,1,6,3,4
Trần Ngọc Bình,0,10,3,4
Phan Duy Bình,9,3,4,7
Lê Hữu Hùng,4,1,8,8
Đỗ Duy Tú,10,2,3,5
Đặng Ngọc Phương,3,4,5,5
Bùi Ngọc Bình,10,4,1,5
Hoàng Ngọc Hùng,9,9,9,10
Vũ Tấn Phương,1,10,9,8
Bùi Quốc Phương,0,5,8,7
Đặng Thị Khánh,2,9,7,8
Đặng Trọng Trang,0,8,5,6
Hoàng Anh Tú,1,4,0,2
Hoàng Hữu Lan,2,1,7,5
Lê Quốc Trang,1,9,6,6
Đặng Ngọc Nam,5,2,1,4
Nguyễn Trọng Nam,2,8,3,5
Lê Văn Khánh,0,4,8,7
Phạm Hữu Bình,4,2,8,7
Bùi Duy Trang,7,3,3,5
Lê Duy Tú,2,4,7,7
Hoàng Tấn Hương,2,2,10,9
Đỗ Minh Khánh,10,4,1,5
Phạm Anh Bình,6,6,6,8
Phan Anh Lan,4,8,0,4
Đỗ Duy Hạnh,0,0,0,0
Phan Minh Hùng,0,10,6,8
Bùi Anh Hùng,3,10,7,9
Đặng Hữu Trang,6,8,3,7
Hoàng Văn Tú,5,7,5,6
Đặng Duy Hương,10,3,9,10
Phạm Anh Hạnh,7,9,7,10
Nguyễn Duy Hạnh,6,3,7,8
Lê Ngọc Nam,2,10,10,9
Đỗ Minh Lan,1,9,4,6
Vũ Duy Khánh,5,3,3,5
Bùi Trọng Bình,5,2,3,5
Vũ Tấn Khánh,7,7,1,5
Bùi Thị Nam,4,6,3,4
Lê Hữu Bình,1,10,2,5
Vũ Thị Hương,6,7,7,9
Lê Ngọc Tú,8,7,9,10
Phan Tấn Lan,9,2,3,5
Vũ Trọng Lan,7,2,0,3
Đặng Văn Tú,0,0,7,4
Nguyễn Văn Hương,1,10,6,7
Đặng Hữu Khánh,3,10,9,9
Lê Ngọc Khánh,6,10,5,8
Phan Ngọc Hương,10,10,10,10
Vũ Văn Hạnh,2,7,9,9
Lê Duy Hương,1,5,5,4
Đỗ Thị Hùng,9,3,9,10
Phan Trọng Hương,5,8,1,4
Vũ Ngọc Trang,6,2,9,9
Đặng Ngọc Tú,8,9,1,6
Hoàng Anh Hùng,10,8,4,8
Đặng Anh Phương,4,1,7,7
Phạm Minh Bình,10,6,5,8
Nguyễn Văn Trang,2,7,7,7
Phan Ngọc Phương,0,2,6,5
Đỗ Ngọc Khánh,9,9,10,10
Vũ Tấn Khánh,6,8,9,10
Vũ Duy Bình,10,3,2,6
Phạm Trọng Hương,4,10,10,10
Nguyễn Anh Khánh,3,6,2,4
Lê Hữu Tú,0,2,2,3
Bùi Quốc Hạnh,4,6,6,8
Trần Ngọc Trang,4,9,6,7
Nguyễn Anh Tú,8,0,1,4
Đỗ Quốc Hùng,7,6,10,10
Hoàng Quốc Khánh,4,2,6,5
Nguyễn Thị Bình,6,3,8,8
Vũ Tấn Nam,5,8,7,9
Lê Ngọc Khánh,9,1,0,3
Bùi Thị Phương,3,7,10,10
Trần Minh Hương,9,1,9,8
Trần Anh Hạnh,5,5,1,5
Nguyễn Trọng Lan,6,4,10,10
Lê Tấn Lan,3,4,2,3
Đỗ Minh Hạnh,9,9,7,10
Đặng Minh Khánh,0,10,5,5
Đặng Ngọc Khánh,6,7,8,10
Trần Văn Lan,8,0,9,9
Đặng Văn Bình,2,8,8,9
Nguyễn Quốc Trang,8,6,5,8
Bùi Tấn Lan,9,1,6,7
Đặng Thị Bình,8,0,9,9
Vũ Trọng Trang,0,10,6,7
Phan Duy Hương,6,8,3,6
Đỗ Minh Trang,3,8,3,4
Phạm Ngọc Khánh,4,0,6,6
Nguyễn Minh Lan,2,2,0,1
Đặng Thị Hùng,5,3,3,5
Phan Ngọc Tú,4,10,0,3
Trần Anh Lan,9,3,5,6
Phạm Văn Hùng,9,3,0,5
Phạm Duy Tú,2,7,5,6
Đỗ Trọng Khánh,0,10,10,9
Vũ Văn Lan,3,2,8,6
Phan Trọng Trang,5,7,10,10
Nguyễn Văn Tú,8,1,2,4
Phạm Minh Nam,0,3,6,5
Đỗ Tấn Trang,0,4,2,1
Phan Trọng Hạnh,2,8,1,3
Trần Ngọc Lan,3,2,6,5
Trần Thị Lan,2,4,9,8
Đặng Anh Hạnh,5,1,4,5
Vũ Hữu Trang,3,1,3,4
Nguyễn Tấn Bình,5,3,9,8
Đỗ Minh Hùng,6,10,1,6
Đặng Minh Khánh,4,3,10,9
Phạm Duy Phương,9,0,8,7
Hoàng Minh Nam,8,0,4,5
Nguyễn Anh Nam,4,10,4,6
Trần Văn Trang,1,7,4,4
Phan Anh Hùng,0,0,8,5
Bùi Duy Nam,7,9,3,7
Bùi Anh Khánh,8,9,4,9
Nguyễn Minh Hương,6,7,7,9
Đỗ Thị Hương,3,4,10,10
Trần Tấn Hương,5,8,3,6
Trần Tấn Nam,3,5,5,6
Đỗ Tấn Bình,5,9,5,7
Nguyễn Anh Lan,2,1,4,2
Đỗ Minh Khánh,1,10,4,6
Nguyễn Tấn Lan,10,9,1,8
Phan Anh Nam,10,3,3,5
Bùi Trọng Hương,8,4,8,9
Lê Trọng Bình,3,7,5,7
Trần Minh Hạnh,10,5,1,5
Vũ Hữu Tú,10,1,9,10
Vũ Tấn Khánh,5,7,9,10
Hoàng Tấn Hương,1,3,8,6
Trần Anh Lan,6,7,7,9
Đỗ Duy Hạnh,2,0,1,2
Nguyễn Anh Hương,3,10,4,7
Phạm Văn Khánh,6,9,3,7
Hoàng Minh Lan,0,8,3,4
Đặng Văn Khánh,5,8,9,10
Hoàng Hữu Trang,5,2,1,3
Trần Thị Lan,9,6,2,7
Lê Duy Tú,4,7,8,9
Đặng Minh Bình,4,3,8,8
Lê Anh Khánh,3,6,4,5
Phạm Anh Phương,0,6,7,6
Đỗ Thị Hùng,7,10,8,10
Hoàng Văn Nam,5,4,9,8
Đỗ Minh Hạnh,2,10,2,5
Nguyễn Hữu Phương,8,8,4,9
Trần Quốc Tú,2,0,6,5
Đỗ Trọng Lan,10,5,3,6
Đặng Hữu Tú,9,5,0,4
Phan Tấn Hạnh,7,2,9,8
Hoàng Minh Lan,0,6,5,6
Đặng Anh Lan,2,0,8,5
Vũ Quốc Lan,1,3,0,1
Trần Anh Phương,2,2,0,1
Vũ Thị Phương,9,1,0,3
Đỗ Trọng Phương,3,6,1,3
Nguyễn Minh Tú,7,1,0,3
Vũ Quốc Hạnh,6,5,10,10
Đỗ Ngọc Bình,1,6,1,3
Nguyễn Thị Tú,10,10,9,10
Đặng Tấn Hạnh,6,3,9,8
Trần Anh Khánh,4,3,10,9
Đỗ Minh Nam,2,3,5,5
Bùi Văn Hạnh,2,0,9,6
Đặng Ngọc Hạnh,2,8,0,2
Hoàng Hữu Lan,9,9,8,10
Nguyễn Anh Lan,8,5,4,7
Hoàng Anh Tú,0,4,3,4
Đỗ Ngọc Hùng,0,9,0,2
Bùi Ngọc Khánh,10,3,4,7
Phạm Ngọc Nam,8,0,0,2
Trần Hữu Phương,4,9,9,10
Đỗ Trọng Hạnh,0,2,7,5
Đỗ Thị Hạnh,10,10,8,10
Nguyễn Trọng Hùng,7,4,10,10
Trần Anh Trang,1,3,10,9
Hoàng Quốc Khánh,3,2,9,8
Đặng Hữu Tú,0,3,1,2
Bùi Anh Lan,5,7,9,9
Lê Văn Phương,2,4,9,7
Bùi Tấn Trang,6,9,5,8
Trần Thị Phương,6,9,2,6
Hoàng Minh Hạnh,4,9,9,9
Hoàng Trọng Trang,7,1,5,5
Nguyễn Trọng Trang,7,5,4,7
Vũ Tấn Phương,5,3,8,7
Phan Quốc Bình,3,8,6,7
Phan Ngọc Tú,3,8,7,9
Đỗ Duy Hùng,8,2,8,8
Hoàng Anh Hùng,6,7,9,10
Lê Thị Khánh,7,5,3,5
Đặng Ngọc Khánh,3,4,6,5
Phạm Anh Khánh,6,9,4,8
Phạm Quốc Lan,1,9,10,10
Hoàng Văn Tú,8,1,4,6
Vũ Tấn Lan,7,8,5,9
Phan Trọng Hạnh,1,1,7,5
Phan Tấn Bình,9,1,3,6
Hoàng Anh Lan,2,4,8,7
Nguyễn Trọng Khánh,6,8,8,9
Đỗ Tấn Bình,1,7,3,4
Phạm Trọng Trang,6,10,9,10
Trần Thị Khánh,0,10,0,3
Đặng Quốc Phương,3,5,2,4
Nguyễn Trọng Phương,3,10,10,10
Vũ Anh Nam,3,5,10,9
Bùi Ngọc Khánh,10,10,5,10
Vũ Ngọc Tú,10,2,3,6
Phan Anh Hùng,2,7,3,4
Đặng Hữu Bình,3,4,5,6
Phạm Tấn Trang,0,6,6,7
Vũ Hữu Khánh,3,4,4,4
Bùi Ngọc Hương,0,7,1,2
Lê Anh Hương,8,3,1,5
Đỗ Ngọc Nam,9,4,5,7
Vũ Duy Hạnh,10,4,4,7
Phan Anh Khánh,9,3,7,8
Lê Văn Hùng,0,9,10,9
Đỗ Hữu Nam,2,0,3,3
Hoàng Duy Hạnh,4,8,3,7
Lê Minh Trang,9,6,10,10
Phạm Anh Lan,9,5,7,9
Phan Tấn Tú,6,0,2,4
Lê Trọng Khánh,0,5,5,5
Đỗ Hữu Lan,10,4,5,7
Đặng Văn Tú,2,3,4,4
Phan Ngọc Tú,3,5,7,6
Vũ Hữu Lan,10,2,10,10
Đỗ Trọng Phương,10,4,7,9
Lê Trọng Phương,10,7,0,6
Nguyễn Trọng Hạnh,1,2,0,0
Phan Duy Hùng,4,9,5,8
Đỗ Tấn Hạnh,6,10,10,10
Đặng Văn Nam,8,6,0,4
Lê Anh Hương,2,7,9,10
Hoàng Hữu Bình,10,6,5,8
Vũ Trọng Bình,9,8,5,10
Vũ Hữu Phương,0,5,0,1
Phạm Văn Hạnh,4,4,6,6
Đặng Tấn Nam,1,6,5,5
Nguyễn Tấn Nam,8,10,7,10
Vũ Ngọc Bình,8,6,8,9
Phan Trọng Hạnh,4,6,0,3
Nguyễn Anh Nam,1,0,2,2
Vũ Hữu Hạnh,6,5,10,10
Bùi Duy Khánh,10,3,6,8
Vũ Duy Hương,8,7,9,10
Bùi Văn Nam,7,0,9,8
Đỗ Quốc Phương,3,4,10,8
Nguyễn Quốc Trang,10,4,6,9
Hoàng Quốc Khánh,6,4,0,3
Hoàng Hữu Hạnh,10,1,2,5
Phạm Trọng Nam,5,2,2,3
Đỗ Văn Bình,5,3,6,7
Lê Quốc Hương,1,7,4,4
Phạm Minh Tú,0,2,5,4
Đặng Quốc Trang,4,7,5,7
Bùi Tấn Hùng,4,10,6,9
Đặng Hữu Tú,0,0,9,6
Lê Thị Hạnh,2,3,6,6
Phạm Hữu Hương,3,0,7,5
Hoàng Minh Bình,3,9,6,8
Trần Duy Trang,10,8,0,6
Bùi Thị Khánh,5,3,2,4
Phan Hữu Lan,6,0,0,3
Phan Văn Hương,0,6,0,2
Vũ Minh Trang,9,10,8,10
Bùi Hữu Phương,2,8,2,4
Nguyễn Ngọc Hạnh,6,0,9,7
Vũ Tấn Phương,4,6,7,9
Trần Minh Hương,6,3,2,3
Đỗ Trọng Hương,2,9,7,7
Hoàng Minh Hùng,7,7,4,8
Lê Tấn Hạnh,1,1,10,7
Phạm Quốc Khánh,3,5,0,1
Phan Hữu Khánh,7,1,7,6
Nguyễn Duy Hùng,4,7,7,9
Bùi Anh Bình,2,2,9,7
Nguyễn Anh Tú,10,1,6,7
Hoàng Minh Tú,7,6,4,7
Hoàng Quốc Khánh,3,0,2,1
Nguyễn Quốc Tú,9,4,5,7
Đặng Hữu Nam,0,6,6,6
Phạm Anh Phương,5,8,3,7
Nguyễn Anh Nam,3,1,1,2
Hoàng Anh Phương,0,0,1,0
Đặng Anh Hương,6,2,3,4
Nguyễn Quốc Bình,1,0,5,4
Lê Trọng Tú,7,7,6,8
Nguyễn Anh Hạnh,2,5,2,4
Nguyễn Ngọc Khánh,8,0,1,3
Đỗ Văn Tú,5,1,1,1
Nguyễn Minh Tú,1,3,8,5
Đỗ Anh Hùng,3,6,10,9
Lê Ngọc Khánh,4,4,9,9
Nguyễn Trọng Lan,2,10,3,5
Bùi Văn Phương,3,7,2,4
Đỗ Ngọc Tú,3,2,8,6
Nguyễn Duy Hương,9,1,3,5
Hoàng Thị Phương,7,0,4,5
Lê Thị Hạnh,6,4,4,6
Hoàng Tấn Hạnh,2,6,3,3
Hoàng Hữu Hạnh,1,9,5,5
Đặng Quốc Hạnh,2,1,1,2
Bùi Anh Bình,2,10,8,9
Nguyễn Hữu Lan,6,1,8,8
Nguyễn Duy Trang,7,3,3,6
Đỗ Ngọc Trang,8,10,4,8
Vũ Văn Trang,7,7,10,10
Nguyễn Trọng Lan,9,5,1,4
Đỗ Quốc Phương,10,6,5,9
Phan Trọng Lan,2,3,3,4
Trần Trọng Hùng,7,4,9,9
Phạm Văn Tú,10,0,8,9
Đặng Duy Phương,0,1,7,6
Hoàng Anh Phương,4,8,4,7
Hoàng Minh Phương,4,10,0,5
Vũ Anh Nam,0,6,8,8
Đặng Tấn Bình,10,10,9,10
Vũ Minh Hương,10,9,8,10
Nguyễn Ngọc Nam,5,6,4,6
Trần Minh Hạnh,10,2,1,5
Phạm Anh Hùng,9,7,8,10
Hoàng Minh Bình,7,9,7,9
Đặng Duy Tú,0,5,0,2
Lê Trọng Tú,10,7,1,7
Đặng Thị Hương,3,0,2,2
Phan Thị Trang,9,2,5,7
Trần Ngọc Tú,5,1,0,1
Đỗ Thị Trang,8,0,3,5
Phan Trọng Khánh,3,6,5,6
Đỗ Hữu Lan,5,6,1,3
Phan Minh Trang,8,2,5,6
Phạm Quốc Lan,5,1,4,5
Nguyễn Duy Phương,0,9,2,4
Lê Minh Lan,5,9,0,4
Đỗ Trọng Phương,10,4,8,10
Phan Anh Bình,4,7,0,3
Đặng Minh Hương,6,6,1,4
Bùi Thị Bình,2,1,2,2
Vũ Duy Phương,10,5,7,10
Hoàng Thị Tú,10,0,1,4
Hoàng Quốc Lan,5,7,5,8
Nguyễn Tấn Nam,9,2,0,2
Trần Quốc Bình,7,8,7,10
Đỗ Minh Khánh,3,1,0,1
Lê Duy Khánh,2,9,3,5
Phan Duy Khánh,10,3,10,10
Lê Quốc Bình,10,9,2,7
Phan Thị Hạnh,8,1,5,7
Đặng Anh Hương,3,8,3,6
Vũ Tấn Tú,4,1,5,6
Nguyễn Văn Bình,1,10,2,5
Đỗ Anh Khánh,5,2,6,6
Hoàng Quốc Khánh,6,3,10,9
Đỗ Tấn Trang,2,0,1,1
Bùi Thị Bình,3,8,8,8
Bùi Văn Nam,7,9,8,9
Lê Minh Hương,6,1,7,8
Nguyễn Tấn Lan,7,5,1,4
Lê Duy Khánh,0,10,4,5
Lê Minh Nam,6,1,6,6
Bùi Minh Phương,5,0,10,9
Hoàng Minh Hùng,6,8,1,6
Nguyễn Duy Phương,0,1,4,2
Đặng Văn Trang,4,7,1,3
Nguyễn Ngọc Tú,2,4,7,6
Đặng Văn Nam,0,5,3,4
Đặng Duy Tú,8,5,0,4
Phạm Ngọc Hạnh,9,10,3,8
Trần Anh Khánh,1,6,2,3
Hoàng Ngọc Phương,0,7,5,5
Phạm Văn Khánh,9,3,10,10
Đặng Minh Hạnh,7,6,0,3
Phan Tấn Hạnh,5,10,6,8
Bùi Anh Hương,4,7,1,4
Hoàng Văn Trang,4,5,3,5
Nguyễn Quốc Trang,8,8,6,10
Hoàng Hữu Trang,9,5,10,10
Phạm Ngọc Trang,2,10,0,4
Hoàng Duy Hạnh,10,0,4,7
Hoàng Trọng Hương,8,8,8,10
Vũ Minh Bình,9,10,2,8
Đặng Tấn Khánh,7,9,0,5
Nguyễn Thị Tú,7,4,7,8
Lê Duy Khánh,6,10,8,10
Phạm Tấn Nam,4,6,4,6
Vũ Trọng Hùng,4,4,1,4
Trần Tấn Trang,9,0,7,8
Lê Anh Lan,10,10,8,10
Trần Thị Nam,5,3,3,4
Phạm Ngọc Hương,2,0,3,1
Đỗ Hữu Trang,7,3,5,6
Vũ Thị Nam,10,6,7,10
Lê Văn Tú,3,6,7,7
Trần Minh Hạnh,6,1,1,4
Vũ Văn Hạnh,4,3,5,5
Đặng Hữu Lan,5,9,5,7
Nguyễn Tấn Nam,2,5,9,7
Lê Văn Hùng,2,8,8,9
Đỗ Quốc Hương,1,1,6,3
Phạm Thị Phương,4,1,3,4
Lê Quốc Phương,8,3,3,5
Trần Thị Nam,1,10,7,9
Phạm Duy Hạnh,9,0,10,9
Vũ Tấn Bình,6,9,1,5
Đỗ Văn Bình,7,8,8,9
Bùi Văn Trang,2,9,9,10
Lê Văn Khánh,0,7,0,3
Lê Duy Hương,8,0,0,2
Đặng Quốc Hạnh,10,2,5,6
Phạm Minh Bình,8,4,3,5
Lê Minh Hùng,3,0,2,1
Phan Hữu Khánh,0,4,9,8
Phạm Hữu Nam,8,0,0,3
Phan Văn Nam,4,9,10,10
Phan Quốc Trang,7,1,5,5
Bùi Hữu Nam,2,2,2,2
Nguyễn Quốc Hạnh,5,4,5,7
Đặng Thị Bình,3,6,1,3
Lê Thị Tú,3,1,4,3
Phan Duy Hùng,0,8,3,5
Phan Anh Nam,9,6,7,8
Phan Thị Lan,6,10,3,7
Hoàng Trọng Tú,0,6,7,5
Vũ Duy Khánh,9,1,5,6
Đỗ Văn Hương,8,8,10,10
Trần Minh Trang,9,8,0,5
Phạm Ngọc Hương,7,0,3,5
Đỗ Anh Khánh,6,8,9,10
Phạm Trọng Hùng,1,10,1,5
Nguyễn Duy Hùng,6,1,5,6
Bùi Minh Phương,2,5,7,7
Hoàng Tấn Phương,4,9,5,7
Đặng Duy Tú,4,9,5,7
Hoàng Văn Lan,1,8,4,5
Nguyễn Hữu Hùng,1,7,8,7
Bùi Minh Trang,0,10,0,4
Bùi Anh Nam,7,0,9,9
Lê Tấn Hương,2,9,5,6
Đặng Duy Hương,4,5,1,3
Phan Anh Trang,3,6,5,6
Đỗ Thị Hương,5,10,7,10
Bùi Hữu Trang,1,7,7,7
Đỗ Tấn Bình,10,8,10,10
Bùi Thị Hùng,0,3,8,7
Nguyễn Thị Hạnh,6,5,2,4
Đỗ Duy Bình,10,7,8,10
Phạm Trọng Phương,9,2,5,6
Đỗ Duy Trang,3,4,5,5
Vũ Tấn Hương,4,6,8,9
Trần Tấn Lan,9,9,6,10
Trần Hữu Lan,7,0,5,4
Đỗ Hữu Bình,5,10,4,7
Đỗ Văn Lan,0,3,0,1
Hoàng Văn Hùng,0,2,4,3
Trần Ngọc Phương,3,1,5,4
Nguyễn Anh Bình,8,2,8,9
Hoàng Tấn Hạnh,10,0,6,7
Bùi Duy Phương,9,0,8,7
Phạm Minh Phương,9,1,7,8
Đặng Hữu Hạnh,2,10,6,8
Đặng Quốc Nam,6,4,9,8
Phan Minh Hùng,8,9,5,9
Nguyễn Duy Hạnh,6,6,0,4
Lê Hữu Lan,9,8,4,8
Hoàng Ngọc Khánh,9,3,2,4
Đặng Anh Hương,5,10,1,6
Phan Ngọc Bình,5,6,10,10
Bùi Tấn Trang,3,5,2,3
Đặng Văn Hạnh,5,7,9,10
Trần Thị Lan,7,0,8,8
Bùi Thị Phương,6,1,8,8
Bùi Duy Phương,9,0,0,4
Lê Tấn Hương,2,1,5,5
Bùi Thị Hương,6,1,3,4
Đặng Anh Bình,3,7,1,4
Lê Ngọc Khánh,5,9,0,4
Đỗ Hữu Hạnh,3,10,4,6
Đỗ Văn Nam,3,4,2,3
Nguyễn Quốc Lan,1,5,6,6
Hoàng Thị Nam,6,5,10,10
Trần Minh Hương,7,5,9,10
Đỗ Duy Nam,5,3,7,7
Bùi Trọng Khánh,4,1,4,3
Đỗ Thị Tú,8,4,2,5
Phạm Anh Hương,0,2,4,4
Đặng Hữu Hạnh,5,1,4,3
Vũ Duy Hạnh,4,6,6,6
Vũ Thị Lan,9,8,8,10
Phạm Minh Trang,4,1,2,3
Trần Anh Hùng,0,5,4,3
Phan Ngọc Tú,7,1,2,4
Đặng Văn Trang,5,8,8,8
Bùi Trọng Tú,7,6,2,5
Hoàng Hữu Khánh,6,0,0,2
Vũ Ngọc Hùng,6,5,6,7
Bùi Văn Bình,7,4,3,5
Hoàng Thị Nam,1,8,9,8
Phan Quốc Hạnh,4,9,5,8
Phan Hữu Trang,7,6,4,7
Đỗ Văn Hạnh,2,10,5,7
Hoàng Minh Lan,5,10,2,5
Đặng Minh Phương,4,1,5,5
Phạm Ngọc Tú,6,9,3,6
Vũ Tấn Phương,9,5,5,9
Đặng Trọng Hương,3,10,5,7
Phan Thị Hùng,0,7,2,4
Đặng Ngọc Nam,6,9,3,8
Vũ Hữu Bình,9,2,3,6
Vũ Hữu Lan,6,8,6,7
Vũ Thị Phương,7,6,1,4
Đỗ Minh Nam,7,6,1,4
Phạm Minh Khánh,3,9,1,3
Lê Văn Bình,8,3,8,8
Phạm Tấn Lan,6,5,2,4
Bùi Tấn Hương,8,5,5,6
Phạm Anh Khánh,5,7,7,8
Vũ Anh Lan,8,10,3,9
Nguyễn Quốc Hương,0,5,6,5
Phạm Thị Tú,2,4,7,7
Trần Văn Nam,7,4,1,3
Trần Thị Tú,0,1,1,1
Đỗ Anh Bình,7,2,8,9
Hoàng Hữu Nam,5,5,2,4
Đặng Ngọc Bình,7,2,2,5
Vũ Hữu Lan,4,1,0,1
Bùi Quốc Khánh,8,4,1,4
Nguyễn Hữu Lan,5,6,1,5
Trần Trọng Trang,3,4,5,5
Nguyễn Thị Trang,0,6,0,3
Lê Thị Nam,1,7,4,5
Hoàng Hữu Bình,9,4,0,4
Vũ Anh Bình,10,1,2,5
Đỗ Quốc Trang,3,4,3,5
Đỗ Duy Phương,2,9,10,10
Lê Duy Tú,0,4,6,5
Lê Minh Trang,0,7,5,5
Vũ Văn Nam,9,7,9,10
Hoàng Duy Lan,7,10,8,10
Lê Anh Hạnh,6,1,4,4
Trần Trọng Lan,1,0,9,6
Phan Thị Tú,5,9,7,9
Vũ Hữu Hùng,3,10,1,4
Đỗ Văn Khánh,4,4,0,3
Vũ Quốc Hương,2,7,3,6
Hoàng Tấn Phương,9,5,5,7
Trần Văn Bình,1,4,0,2
Phạm Duy Lan,5,0,2,3
Phạm Văn Hùng,10,6,2,6
Đỗ Minh Phương,1,8,10,10
Hoàng Trọng Hạnh,4,0,0,0
Nguyễn Duy Hương,6,9,8,10
Phạm Thị Khánh,4,7,2,5
Bùi Hữu Phương,5,7,7,8
Hoàng Ngọc Bình,3,6,2,5
Hoàng Duy Nam,10,6,0,6
Hoàng Hữu Bình,6,3,2,4
Bùi Trọng Nam,8,4,7,8
Trần Trọng Bình,1,6,2,3
Phạm Duy Phương,0,5,10,9
Bùi Ngọc Lan,3,9,2,4
Đỗ Duy Bình,2,9,2,4
Lê Quốc Nam,4,7,10,10
Hoàng Hữu Hùng,1,3,3,4
Lê Ngọc Khánh,6,5,0,3
Bùi Anh Nam,2,1,6,5
Đặng Ngọc Hạnh,9,1,5,7
Phạm Ngọc Khánh,10,7,4,7
Hoàng Tấn Bình,6,9,6,9
Bùi Thị Bình,6,0,10,8
Nguyễn Duy Tú,6,4,9,9
Phạm Tấn Lan,1,1,4,4
Đỗ Tấn Khánh,10,3,5,7
Nguyễn Anh Trang,9,6,7,8
Hoàng Văn Tú,7,5,7,8
Bùi Anh Nam,2,9,7,9
Đặng Quốc Hạnh,8,4,5,7
Nguyễn Ngọc Hùng,4,5,1,4
Lê Tấn Lan,1,2,3,3
Phan Ngọc Khánh,0,3,5,4
Phạm Tấn Trang,2,9,8,8
Trần Tấn Hương,9,9,3,8
Lê Văn Hùng,10,5,9,10
Đỗ Minh Bình,6,9,0,4
Hoàng Thị Hạnh,4,0,0,1
Phan Thị Khánh,4,1,4,5
Vũ Quốc Hạnh,9,5,8,10
Trần Hữu Trang,9,10,7,10
Nguyễn Duy Nam,8,3,8,9
Bùi Ngọc Lan,1,5,10,9
Hoàng Thị Nam,4,7,1,5
Phạm Anh Tú,2,1,1,2
Phạm Quốc Khánh,9,7,6,8
Trần Minh Hạnh,5,3,6,7
Nguyễn Ngọc Bình,0,7,0,3
Trần Quốc Khánh,0,4,10,7
Phạm Hữu Khánh,7,7,7,9
Trần Quốc Tú,8,10,3,7
Lê Hữu Nam,6,9,0,4
Hoàng Duy Hùng,4,7,0,4
Phan Thị Phương,8,8,0,5
Trần Anh Khánh,1,8,1,2
Đặng Anh Trang,3,8,9,10
Phan Văn Lan,3,9,0,4
Bùi Thị Hạnh,3,4,2,2
Vũ Duy Hùng,4,3,5,5
Trần Duy Phương,7,9,1,6
Trần Trọng Nam,5,4,7,8
Nguyễn Tấn Bình,4,3,7,7
Lê Anh Phương,1,0,6,4
Trần Ngọc Phương,2,10,7,8
Hoàng Thị Hương,1,10,10,10
Hoàng Hữu Hùng,4,10,0,5
Hoàng Minh Hạnh,5,10,9,10
Đặng Minh Bình,3,4,2,3
Trần Văn Lan,4,8,2,5
Trần Quốc Lan,7,4,4,6
Phan Anh Trang,2,7,1,3
Nguyễn Hữu Hương,4,7,7,9
Nguyễn Tấn Bình,7,1,2,5
Đặng Quốc Hạnh,9,3,0,4
Đặng Văn Bình,9,1,7,8
Hoàng Duy Trang,4,9,8,10
Hoàng Ngọc Phương,9,1,3,6
Đỗ Trọng Lan,7,8,6,8
Đỗ Trọng Nam,10,1,4,7
Phan Thị Nam,6,6,9,9
Đặng Trọng Bình,0,3,3,3
Đặng Ngọc Tú,9,2,8,8
Đỗ Duy Hương,2,3,7,6
Bùi Trọng Hạnh,4,10,8,9
Đỗ Hữu Bình,2,5,0,3
Hoàng Hữu Nam,8,9,8,10
Lê Anh Bình,3,3,5,4
Phan Tấn Phương,7,4,7,8
Lê Thị Hùng,10,8,1,7
Trần Thị Trang,7,9,9,10
Đặng Văn Lan,1,4,3,4
Vũ Thị Khánh,5,9,8,9
Đặng Hữu Bình,0,2,8,5
Phạm Hữu Trang,9,4,1,6
Hoàng Ngọc Hạnh,10,5,3,6
Nguyễn Anh Lan,10,1,8,8
Bùi Minh Hương,5,10,4,8
Lê Duy Trang,3,9,7,9
Trần Văn Trang,9,2,10,10
Vũ Quốc Tú,1,0,5,3
Lê Anh Hương,5,3,9,8
Trần Thị Bình,3,8,5,6
Hoàng Tấn Hương,3,10,9,10
Vũ Hữu Hùng,7,4,3,5
Vũ Trọng Trang,10,4,6,8
Đỗ Anh Hùng,6,0,8,6
Đặng Quốc Phương,3,6,1,3
Phạm Trọng Hạnh,9,3,5,6
Trần Anh Bình,3,8,8,8
Phạm Tấn Hương,7,10,7,10
Phan Thị Nam,8,8,3,6
Phạm Trọng Khánh,9,1,0,3
Phan Ngọc Lan,2,3,10,7
Trần Duy Khánh,7,3,10,10
Phan Thị Trang,7,9,7,10
Đỗ Anh Lan,1,3,3,3
Đỗ Anh Bình,3,10,8,10
Nguyễn Văn Hạnh,5,9,1,5
Hoàng Ngọc Bình,3,0,10,8
Trần Anh Lan,7,10,0,6
Vũ Anh Trang,0,5,8,6
Đỗ Ngọc Hương,10,3,5,7
Vũ Anh Khánh,5,1,2,3
Phạm Trọng Tú,9,0,8,8
Phan Anh Tú,4,6,2,3
Đỗ Hữu Hùng,6,1,3,3
Phan Tấn Nam,8,6,6,7
Hoàng Ngọc Hùng,8,9,1,5
Hoàng Minh Nam,1,3,1,2
Phạm Anh Tú,9,7,3,8
Đặng Trọng Nam,3,6,6,7
Nguyễn Ngọc Hạnh,3,7,9,8
Phạm Văn Hạnh,8,6,0,3
Đỗ Ngọc Hùng,1,8,3,5
Trần Thị Hùng,4,2,7,6
Đặng Quốc Hương,3,0,3,3
Phan Quốc Phương,0,8,9,8
Đặng Thị Khánh,8,7,7,9
Bùi Văn Tú,3,5,0,3
Bùi Duy Trang,0,9,6,7
Vũ Minh Phương,6,8,1,5
Phan Ngọc Tú,0,1,10,8
Bùi Hữu Lan,6,2,0,2
Phạm Anh Hương,6,3,0,2
Lê Thị Tú,6,8,6,9
Trần Minh Khánh,4,4,1,2
Lê Văn Lan,4,2,9,8
Bùi Trọng Trang,0,2,5,3
Đỗ Ngọc Lan,1,6,10,8
Đỗ Trọng Khánh,7,7,1,5
Bùi Ngọc Phương,8,6,5,8
Phan Ngọc Hương,2,5,0,3
Vũ Ngọc Hùng,6,5,3,5
Lê Minh Tú,1,8,10,9
Phạm Duy Hạnh,0,7,2,2
Phạm Thị Hùng,4,9,0,4
Bùi Trọng Khánh,1,1,6,5
Đặng Quốc Hương,10,7,5,8
Nguyễn Hữu Tú,10,0,4,6
Phan Anh Nam,7,9,10,10
Phạm Trọng Khánh,3,4,9,9
Bùi Văn Lan,7,7,5,7
Phạm Trọng Tú,2,10,8,10
Hoàng Văn Bình,5,4,0,2
Lê Quốc Nam,1,2,2,2
Đặng Anh Nam,0,1,1,1
Hoàng Tấn Tú,3,10,5,8
Vũ Hữu Bình,8,3,5,7
Vũ Tấn Hạnh,8,2,1,4
Đặng Hữu Hương,0,5,9,7
Bùi Thị Trang,2,5,7,6
Phan Quốc Bình,1,1,6,5
Hoàng Minh Hạnh,0,3,5,4
Trần Quốc Tú,2,6,7,6
Trần Thị Lan,8,9,0,5
Nguyễn Hữu Hùng,3,10,2,5
Nguyễn Minh Tú,5,0,9,6
Trần Văn Lan,9,10,0,5
Hoàng Tấn Nam,10,5,8,10
Phạm Anh Bình,7,2,5,7
Hoàng Quốc Tú,4,6,0,3
Lê Văn Phương,1,7,5,7
Đỗ Quốc Trang,2,5,9,8
Nguyễn Hữu Hạnh,7,1,10,9
Nguyễn Tấn Hương,1,3,1,2
Đỗ Hữu Tú,10,5,2,6
Nguyễn Văn Hùng,10,10,6,10
Trần Quốc Hạnh,2,0,3,3
Vũ Duy Hùng,8,10,1,6
Hoàng Tấn Hương,7,5,2,4
Đỗ Quốc Trang,5,9,6,8
Vũ Ngọc Khánh,4,2,0,1
Lê Minh Phương,7,7,5,8
Đặng Ngọc Hương,1,1,7,4
Vũ Minh Phương,4,7,1,5
Lê Hữu Hùng,5,9,7,9
Bùi Minh Tú,1,0,6,4
Lê Hữu Nam,9,4,0,5
Trần Văn Khánh,10,10,10,10
Phan Quốc Lan,4,1,0,1
Hoàng Văn Bình,3,8,5,7
Bùi Quốc Hùng,5,3,7,7
Nguyễn Văn Lan,5,10,3,6
Trần Hữu Lan,5,4,1,3
Lê Tấn Hùng,0,3,6,5
Phan Quốc Hùng,2,10,4,6
Phan Ngọc Hùng,9,10,2,8
Hoàng Tấn Bình,5,5,1,3
Bùi Văn Khánh,10,7,9,10
Đỗ Thị Bình,4,2,10,9
Bùi Văn Tú,9,5,1,6
Lê Anh Phương,4,7,7,9
Trần Thị Bình,6,4,4,5
Phạm Thị Hùng,10,10,10,10
Trần Minh Lan,1,5,5,5
Đặng Văn Tú,9,5,10,10
Bùi Hữu Bình,1,7,2,4
Trần Ngọc Hạnh,8,3,2,5
Phan Quốc Hùng,3,7,2,5
Phạm Ngọc Hùng,9,9,6,9
Lê Trọng Nam,3,8,4,5
Phạm Minh Hạnh,5,8,0,3
Vũ Anh Bình,8,5,0,4
Hoàng Tấn Hương,7,6,5,7
Trần Hữu Bình,9,10,1,7
Vũ Trọng Hương,1,1,0,0
Hoàng Quốc Hương,10,4,6,8
Hoàng Thị Hùng,8,7,1,4
Lê Văn Tú,4,1,5,4
Hoàng Trọng Khánh,6,6,3,6
Đặng Tấn Nam,3,10,9,9
Hoàng Quốc Hùng,7,1,7,7
Nguyễn Quốc Khánh,9,2,9,10
Trần Duy Hương,1,3,3,3
Phan Văn Phương,10,3,3,6
Phan Trọng Hạnh,0,0,6,3
Nguyễn Hữu Trang,6,9,2,6
Phạm Tấn Khánh,6,9,0,4
Phạm Minh Phương,9,1,4,7
Vũ Minh Hạnh,2,1,10,7
Hoàng Ngọc Hạnh,2,7,3,5
Phạm Quốc Bình,3,2,1,1
Lê Văn Phương,4,1,2,2
Trần Văn Hùng,2,2,4,3
Đỗ Anh Tú,8,2,2,5
Bùi Duy Trang,7,9,10,10
Vũ Thị Trang,10,2,5,8
Đặng Anh Hạnh,8,7,3,8
Trần Trọng Nam,10,2,1,5
Bùi Ngọc Trang,5,3,10,10
Đỗ Tấn Tú,5,6,0,4
Đỗ Văn Hạnh,5,8,7,8
Trần Hữu Tú,3,6,5,5
Trần Trọng Nam,10,10,6,10
Phan Ngọc Lan,4,9,3,5
Vũ Văn Lan,8,10,9,10
Vũ Duy Phương,6,6,4,6
Hoàng Trọng Phương,7,9,2,6
Đặng Anh Hương,3,8,9,10
Nguyễn Duy Lan,7,1,9,9
Lê Thị Phương,10,6,10,10
Nguyễn Anh Hương,0,3,9,7
Hoàng Ngọc Tú,3,10,6,9
Phan Duy Tú,9,5,3,5
Vũ Hữu Trang,6,1,5,5
Đặng Thị Bình,6,6,9,9
Phan Quốc Khánh,1,10,6,8
Lê Tấn Bình,0,2,5,3
Hoàng Tấn Phương,0,1,1,1
Nguyễn Anh Nam,8,9,8,10
Trần Văn Hạnh,6,6,2,4
Phạm Anh Bình,9,2,3,4
Phạm Văn Trang,9,5,9,9
Đỗ Quốc Tú,10,10,5,9
Vũ Thị Lan,0,0,4,2
Lê Hữu Khánh,4,7,9,10
Hoàng Anh Phương,7,3,1,4
Phạm Tấn Tú,3,2,3,2
Lê Tấn Nam,5,10,0,5
Nguyễn Trọng Lan,10,2,7,9
Vũ Văn Tú,5,5,8,9
Trần Ngọc Nam,4,2,3,4
Lê Duy Phương,6,4,2,5
Trần Ngọc Khánh,4,0,10,8
Vũ Thị Trang,7,10,7,9
Nguyễn Anh Tú,0,8,4,4
Đỗ Minh Trang,7,3,0,3
Phan Tấn Bình,10,9,2,7
Lê Trọng Hùng,0,9,1,3
Bùi Quốc Hương,4,3,3,4
Phan Ngọc Phương,1,2,4,2
Vũ Ngọc Nam,1,6,3,4
Phan Tấn Nam,9,4,3,5
Đặng Anh Hương,3,8,4,7
Trần Ngọc Nam,4,6,8,9
Phạm Quốc Hạnh,5,8,9,9
Bùi Minh Bình,10,1,9,9
Phan Văn Hùng,2,5,1,3
Phạm Tấn Khánh,6,5,9,10
Vũ Quốc Hương,6,9,4,7
Vũ Tấn Bình,9,10,7,10
Đỗ Tấn Nam,5,0,2,3
Phạm Ngọc Hạnh,9,3,5,7
Phạm Tấn Hạnh,4,8,9,10
Phạm Tấn Khánh,1,3,9,8
Bùi Hữu Nam,1,9,5,7
Nguyễn Anh Hạnh,6,4,1,4
Trần Văn Khánh,6,8,9,10
Vũ Quốc Trang,9,8,10,10
Trần Trọng Phương,8,3,3,6
Hoàng Thị Phương,6,4,4,6
Bùi Thị Phương,10,10,8,10
Bùi Anh Nam,6,9,7,10
Đỗ Trọng Khánh,3,1,2,3
Vũ Minh Tú,2,7,9,9
Lê Trọng Lan,3,3,8,7
Bùi Hữu Tú,5,6,3,6
Trần Văn Phương,9,1,0,3
Vũ Duy Hùng,8,5,8,9
Hoàng Duy Lan,4,3,2,4
Phan Quốc Bình,1,7,0,3
Hoàng Thị Lan,5,5,7,7
Nguyễn Tấn Phương,4,0,6,6
Trần Hữu Khánh,6,0,9,8
Đỗ Văn Khánh,8,7,10,10
Phạm Ngọc Hương,2,6,6,7
Nguyễn Duy Khánh,10,9,7,10
Hoàng Anh Bình,1,7,8,7
Bùi Anh Lan,9,2,7,8
Đỗ Thị Phương,9,10,4,8
Vũ Anh Bình,7,1,7,6
Lê Thị Trang,7,4,4,5
Đặng Quốc Lan,1,1,9,6
Đỗ Hữu Tú,7,10,8,10
Lê Tấn Hạnh,4,9,5,6
Nguyễn Văn Hùng,6,5,10,9
Lê Thị Tú,2,0,6,5
Đặng Tấn Bình,7,9,8,10
Nguyễn Thị Bình,3,9,6,8
Đặng Thị Khánh,4,5,2,4
Lê Ngọc Lan,1,1,5,5
Hoàng Thị Nam,6,7,1,5
Trần Quốc Lan,4,4,9,9
Trần Hữu Trang,8,7,2,6
Hoàng Hữu Hạnh,0,5,8,7
Phan Anh Khánh,0,9,3,4
Trần Quốc Hùng,4,1,2,2
Nguyễn Duy Lan,6,8,4,8
Phan Tấn Trang,8,0,0,2
Phạm Thị Hạnh,9,5,4,8
Trần Trọng Tú,9,8,6,8
Trần Văn Nam,10,8,10,10
Đặng Quốc Trang,4,5,3,6
Nguyễn Minh Bình,2,2,5,3
Bùi Duy Lan,8,7,7,8
Hoàng Duy Hùng,2,7,7,7
Hoàng Tấn Hùng,3,0,9,8
Trần Thị Trang,8,5,2,4
Bùi Ngọc Hạnh,9,10,1,6
Đặng Quốc Hùng,7,2,0,2
Phạm Thị Hương,2,2,6,5
Trần Duy Hương,6,7,0,4
Phan Minh Bình,4,4,8,7
Đặng Ngọc Hạnh,6,5,5,6
Bùi Duy Phương,3,1,10,7
Phan Trọng Trang,8,9,9,10
Đỗ Duy Tú,7,1,6,6
Nguyễn Quốc Khánh,0,4,3,3
Nguyễn Văn Lan,9,9,7,9
Trần Trọng Phương,8,9,10,10
Nguyễn Quốc Bình,4,6,4,6
Lê Duy Hùng,5,3,3,3
Phan Quốc Hùng,1,5,9,7
Đặng Thị Nam,2,4,10,8
Phan Hữu Lan,0,9,6,7
Nguyễn Thị Tú,7,6,10,10
Phan Hữu Hương,2,10,0,5
Đỗ Hữu Lan,4,8,0,3
Phạm Trọng Bình,0,1,1,1
Vũ Văn Tú,0,0,4,2
Đỗ Anh Trang,3,2,9,8
Vũ Minh Khánh,10,4,0,4
Đặng Văn Lan,8,5,1,5
Hoàng Quốc Hùng,8,6,6,8
Nguyễn Anh Bình,10,1,2,5
Phạm Ngọc Bình,7,5,5,8
Lê Thị Tú,4,1,0,1
Phạm Hữu Hạnh,10,5,10,10
Đặng Trọng Hương,1,1,4,2
Bùi Ngọc Nam,7,8,0,6
Bùi Ngọc Hùng,9,6,10,10
Đặng Văn Hùng,1,1,7,6
Đặng Trọng Hương,7,2,6,6
Hoàng Anh Phương,6,3,0,3
Đặng Thị Bình,4,0,4,3
Phan Minh Hạnh,2,5,8,7
Phạm Anh Trang,10,8,1,6
Đặng Hữu Tú,3,0,7,5
Đỗ Hữu Hương,4,8,8,9
Đặng Hữu Phương,8,8,9,10
Đỗ Quốc Hạnh,10,4,4,8
Phan Tấn Bình,5,7,10,9
Trần Ngọc Khánh,2,10,6,8
Vũ Thị Hương,6,7,5,8
Trần Văn Khánh,0,8,7,8
Nguyễn Thị Nam,3,3,9,8
Trần Hữu Hạnh,2,10,10,10
Phạm Quốc Khánh,1,0,3,3
Trần Anh Tú,10,10,1,7
Đặng Tấn Tú,9,10,10,10
Lê Tấn Khánh,5,5,10,9
Nguyễn Ngọc Hạnh,1,7,7,7
Trần Hữu Hương,0,7,5,6
Nguyễn Minh Lan,4,8,0,3
Phạm Thị Trang,0,10,3,5
Phan Văn Lan,4,3,0,1
Đỗ Quốc Bình,4,7,10,10
Phạm Tấn Bình,1,2,3,3
Phan Quốc Bình,9,8,9,10
Nguyễn Trọng Tú,10,7,8,10
Đỗ Thị Lan,0,4,8,7
Bùi Hữu Lan,4,5,4,5
Vũ Tấn Nam,7,10,1,7
Đặng Quốc Hạnh,7,7,10,10
Hoàng Thị Bình,7,6,4,8
Hoàng Văn Trang,7,3,4,5
Đặng Quốc Tú,6,7,6,9
Phạm Tấn Lan,5,2,3,4
Bùi Hữu Hạnh,1,8,0,4
Hoàng Tấn Khánh,6,5,8,8
Đỗ Minh Phương,10,7,4,9
Trần Anh Hạnh,10,0,9,8
Lê Trọng Tú,7,8,10,10
